,studentid,firstname,familyname,school,sex,age,address,famsize,pstatus,medu,fedu,mjob,fjob,reason,guardian,traveltime,studytime,failures,schoolsup,famsup,paid,activities,nursery,higher,internet,romantic,famrel,freetime,goout,dalc,walc,health,absences,finalgrade,absences_category,no_studytime,walc_percent,goout_percent,no_studytime_percent,absences_category_percent,accompanying_complexity,fail
0,0,Rafael,Morais,GP,F,18,U,GT3,A,4,4,at_home,teacher,course,mother,2,2,0,yes,no,no,no,yes,yes,no,no,4,3,4,1,1,3,6,6,0,3,20.0,80.0,75.0,0.0,35.0,1
1,1,Lara,Braga,GP,F,17,U,GT3,T,1,1,at_home,other,course,father,1,2,0,no,yes,no,no,no,yes,yes,no,5,3,3,1,1,3,4,6,0,3,20.0,60.0,75.0,0.0,31.0,1
2,2,Gonçalo,Azevedo,GP,F,15,U,LE3,T,1,1,at_home,other,other,mother,1,2,3,yes,no,yes,no,yes,yes,yes,no,4,3,2,2,3,3,10,10,1,3,60.0,40.0,75.0,100.0,75.0,1
3,3,Lara,Perna,GP,F,15,U,GT3,T,4,2,health,services,home,mother,1,3,0,no,yes,yes,yes,yes,yes,yes,yes,3,2,2,1,1,5,2,15,0,2,20.0,40.0,50.0,0.0,22.0,0
4,4,João,Pires,GP,F,16,U,GT3,T,3,3,other,other,home,father,1,2,0,no,yes,yes,no,yes,yes,no,no,4,3,2,1,2,5,4,10,0,3,40.0,40.0,75.0,0.0,31.0,1
5,5,Rafael,Alva,GP,M,16,U,LE3,T,4,3,services,other,reputation,mother,1,2,0,no,yes,yes,yes,yes,yes,yes,no,5,4,2,1,2,5,10,15,1,3,40.0,40.0,75.0,100.0,71.0,0
6,6,Afonso,Da Luz,GP,M,16,U,LE3,T,2,2,other,other,home,mother,1,2,0,no,no,no,no,yes,yes,yes,no,4,4,4,1,1,3,0,11,0,3,20.0,80.0,75.0,0.0,35.0,0
7,7,Guilherme,Saraiva,GP,F,17,U,GT3,A,4,4,other,teacher,home,mother,2,2,0,yes,yes,no,no,yes,yes,no,no,4,1,4,1,1,1,6,6,0,3,20.0,80.0,75.0,0.0,35.0,1
8,8,Lucas,Neves,GP,M,15,U,LE3,A,3,2,services,other,home,mother,1,2,0,no,yes,yes,no,yes,yes,yes,no,4,2,2,1,1,1,0,19,0,3,20.0,40.0,75.0,0.0,27.0,0
9,9,Sofia,Rocha,GP,M,15,U,GT3,T,3,4,other,other,home,mother,1,2,0,no,yes,yes,yes,yes,yes,yes,no,5,5,1,1,1,5,0,15,0,3,20.0,20.0,75.0,0.0,23.0,0
10,10,Rafael,Sanches,GP,F,15,U,GT3,T,4,4,teacher,health,reputation,mother,1,2,0,no,yes,yes,no,yes,yes,yes,no,3,3,3,1,2,2,0,9,0,3,40.0,60.0,75.0,0.0,35.0,1
11,11,Tiago,Pais,GP,F,15,U,GT3,T,2,1,services,other,reputation,father,3,3,0,no,yes,no,yes,yes,yes,yes,no,5,2,2,1,1,4,4,12,0,2,20.0,40.0,50.0,0.0,22.0,0
12,12,Ana,Camara,GP,M,15,U,LE3,T,4,4,health,services,course,father,1,1,0,no,yes,yes,yes,yes,yes,yes,no,4,3,3,1,3,5,2,14,0,4,60.0,60.0,100.0,0.0,44.0,0
13,13,Salvador,Coelho,GP,M,15,U,GT3,T,4,3,teacher,other,course,mother,2,2,0,no,yes,yes,no,yes,yes,yes,no,5,4,3,1,2,3,2,11,0,3,40.0,60.0,75.0,0.0,35.0,0
14,14,Sofia,Candido,GP,M,15,U,GT3,A,2,2,other,other,home,other,1,3,0,no,yes,no,no,yes,yes,yes,yes,4,5,2,1,1,3,0,16,0,2,20.0,40.0,50.0,0.0,22.0,0
15,15,João,Raposo,GP,F,16,U,GT3,T,4,4,health,other,home,mother,1,1,0,no,yes,no,no,yes,yes,yes,no,4,4,4,1,2,2,4,14,0,4,40.0,80.0,100.0,0.0,44.0,0
16,16,Gustavo,Janota,GP,F,16,U,GT3,T,4,4,services,services,reputation,mother,1,3,0,no,yes,yes,yes,yes,yes,yes,no,3,2,3,1,2,2,6,14,0,2,40.0,60.0,50.0,0.0,30.0,0
17,17,Lucas,Formoso,GP,F,16,U,GT3,T,3,3,other,other,reputation,mother,3,2,0,yes,yes,no,yes,yes,yes,no,no,5,3,2,1,1,4,4,10,0,3,20.0,40.0,75.0,0.0,27.0,1
18,18,Guilherme,Ruelas,GP,M,17,U,GT3,T,3,2,services,services,course,mother,1,1,3,no,yes,no,yes,yes,yes,yes,no,5,5,5,2,4,5,16,5,1,4,80.0,100.0,100.0,100.0,96.0,1
19,19,Ana,Marroquin,GP,M,16,U,LE3,T,4,3,health,other,home,father,1,1,0,no,no,yes,yes,yes,yes,yes,no,3,1,3,1,3,5,4,10,0,4,60.0,60.0,100.0,0.0,44.0,1
20,20,Lourenço,Gale,GP,M,15,U,GT3,T,4,3,teacher,other,reputation,mother,1,2,0,no,no,no,no,yes,yes,yes,no,4,4,1,1,1,1,0,15,0,3,20.0,20.0,75.0,0.0,23.0,0
21,21,Duarte,Chao,GP,M,15,U,GT3,T,4,4,health,health,other,father,1,1,0,no,yes,yes,no,yes,yes,yes,no,5,4,2,1,1,5,0,15,0,4,20.0,40.0,100.0,0.0,32.0,0
22,22,Madalena,Lacerda,GP,M,16,U,LE3,T,4,2,teacher,other,course,mother,1,2,0,no,no,no,yes,yes,yes,yes,no,4,5,1,1,3,5,2,16,0,3,60.0,20.0,75.0,0.0,31.0,0
23,23,Rafael,Rodriques,GP,M,16,U,LE3,T,2,2,other,other,reputation,mother,2,2,0,no,yes,no,yes,yes,yes,yes,no,5,4,4,2,4,5,0,12,0,3,80.0,80.0,75.0,0.0,47.0,0
24,24,Diana,Carris,GP,F,15,R,GT3,T,2,4,services,health,course,mother,1,3,0,yes,yes,yes,yes,yes,yes,yes,no,4,3,2,1,1,5,2,8,0,2,20.0,40.0,50.0,0.0,22.0,1
25,25,Francisco,Eanes,GP,F,16,U,GT3,T,2,2,services,services,home,mother,1,1,2,no,yes,yes,no,no,yes,yes,no,1,2,2,1,3,5,14,8,1,4,60.0,40.0,100.0,100.0,80.0,1
26,26,Clara,Mau,GP,M,15,U,GT3,T,2,2,other,other,home,mother,1,1,0,no,yes,yes,no,yes,yes,yes,no,4,2,2,1,2,5,2,11,0,4,40.0,40.0,100.0,0.0,36.0,0
27,27,Mariana,Baros,GP,M,15,U,GT3,T,4,2,health,services,other,mother,1,1,0,no,no,yes,no,yes,yes,yes,no,2,2,4,2,4,1,4,15,0,4,80.0,80.0,100.0,0.0,52.0,0
28,28,Martim,Hilario,GP,M,16,U,LE3,A,3,4,services,other,home,mother,1,2,0,yes,yes,no,yes,yes,yes,yes,no,5,3,3,1,1,5,4,11,0,3,20.0,60.0,75.0,0.0,31.0,0
29,29,Santiago,Barreto,GP,M,16,U,GT3,T,4,4,teacher,teacher,home,mother,1,2,0,no,yes,yes,yes,yes,yes,yes,yes,4,4,5,5,5,5,16,11,1,3,100.0,100.0,75.0,100.0,95.0,0
30,30,Mariana,Botelho,GP,M,15,U,GT3,T,4,4,health,services,home,mother,1,2,0,no,yes,yes,no,no,yes,yes,no,5,4,2,3,4,5,0,12,0,3,80.0,40.0,75.0,0.0,39.0,0
31,31,Dinis,Formosa,GP,M,15,U,GT3,T,4,4,services,services,reputation,mother,2,2,0,no,yes,no,yes,yes,yes,yes,no,4,3,1,1,1,5,0,17,0,3,20.0,20.0,75.0,0.0,23.0,0
32,32,Beatriz,Figueira,GP,M,15,R,GT3,T,4,3,teacher,at_home,course,mother,1,2,0,no,yes,no,yes,yes,yes,yes,yes,4,5,2,1,1,5,0,16,0,3,20.0,40.0,75.0,0.0,27.0,0
33,33,Rafael,Guardado,GP,M,15,U,LE3,T,3,3,other,other,course,mother,1,2,0,no,no,no,yes,no,yes,yes,no,5,3,2,1,1,2,0,12,0,3,20.0,40.0,75.0,0.0,27.0,0
34,34,Francisca,Marte,GP,M,16,U,GT3,T,3,2,other,other,home,mother,1,1,0,no,yes,yes,no,no,yes,yes,no,5,4,3,1,1,5,0,15,0,4,20.0,60.0,100.0,0.0,36.0,0
35,35,Tomás,Alvares,GP,F,15,U,GT3,T,2,3,other,other,other,father,2,1,0,no,yes,no,yes,yes,yes,no,no,3,5,1,1,1,5,0,6,0,4,20.0,20.0,100.0,0.0,28.0,1
36,36,Maria,Alto,GP,M,15,U,LE3,T,4,3,teacher,services,home,mother,1,3,0,no,yes,no,yes,yes,yes,yes,no,5,4,3,1,1,4,2,18,0,2,20.0,60.0,50.0,0.0,26.0,0
37,37,Santiago,Caetano,GP,M,16,R,GT3,A,4,4,other,teacher,reputation,mother,2,3,0,no,yes,no,yes,yes,yes,yes,yes,2,4,3,1,1,5,7,15,0,2,20.0,60.0,50.0,0.0,26.0,0
38,38,Salvador,De Melo,GP,F,15,R,GT3,T,3,4,services,health,course,mother,1,3,0,yes,yes,yes,yes,yes,yes,yes,no,4,3,2,1,1,5,2,11,0,2,20.0,40.0,50.0,0.0,22.0,0
39,39,Martim,De Julio,GP,F,15,R,GT3,T,2,2,at_home,other,reputation,mother,1,1,0,yes,yes,yes,yes,yes,yes,no,no,4,3,1,1,1,2,8,13,1,4,20.0,20.0,100.0,100.0,68.0,0
40,40,Benedita,Nobriga,GP,F,16,U,LE3,T,2,2,other,other,home,mother,2,2,1,no,yes,no,yes,no,yes,yes,yes,3,3,3,1,2,3,25,11,1,3,40.0,60.0,75.0,100.0,75.0,0
41,41,Santiago,Lois,GP,M,15,U,LE3,T,4,4,teacher,other,home,other,1,1,0,no,yes,no,no,no,yes,yes,yes,5,4,3,2,4,5,8,12,1,4,80.0,60.0,100.0,100.0,88.0,0
42,42,Miguel,Almada,GP,M,15,U,GT3,T,4,4,services,teacher,course,father,1,2,0,no,yes,no,yes,yes,yes,yes,no,4,3,3,1,1,5,2,18,0,3,20.0,60.0,75.0,0.0,31.0,0
43,43,Rafael,Martines,GP,M,15,U,GT3,T,2,2,services,services,course,father,1,1,0,yes,yes,no,no,yes,yes,yes,no,5,4,1,1,1,1,0,11,0,4,20.0,20.0,100.0,0.0,28.0,0
44,44,Gabriel,Cotta,GP,F,16,U,LE3,T,2,2,other,at_home,course,father,2,2,1,yes,no,no,yes,yes,yes,yes,no,4,3,3,2,2,5,14,9,1,3,40.0,60.0,75.0,100.0,75.0,1
45,45,Duarte,Penso,GP,F,15,U,LE3,A,4,3,other,other,course,mother,1,2,0,yes,yes,yes,yes,yes,yes,yes,yes,5,2,2,1,1,5,8,6,1,3,20.0,40.0,75.0,100.0,67.0,1
46,46,Ana,De Moura,GP,F,16,U,LE3,A,3,3,other,services,home,mother,1,2,0,no,yes,no,no,yes,yes,yes,no,2,3,5,1,4,3,12,11,1,3,80.0,100.0,75.0,100.0,91.0,0
47,47,Tomás,Fosco,GP,M,16,U,GT3,T,4,3,health,services,reputation,mother,1,4,0,no,no,no,yes,yes,yes,yes,no,4,2,2,1,1,2,4,20,0,1,20.0,40.0,25.0,0.0,17.0,0
48,48,Inês,De Freitas,GP,M,15,U,GT3,T,4,2,teacher,other,home,mother,1,2,0,no,yes,yes,no,yes,yes,no,no,4,3,3,2,2,5,2,14,0,3,40.0,60.0,75.0,0.0,35.0,0
49,49,Clara,Lias,GP,F,15,U,GT3,T,4,4,services,teacher,other,father,1,2,1,yes,yes,no,yes,no,yes,yes,no,4,4,4,1,1,3,2,7,0,3,20.0,80.0,75.0,0.0,35.0,1
50,50,Camila,Cunha,GP,F,16,U,LE3,T,2,2,services,services,course,mother,3,2,0,no,yes,yes,no,yes,yes,yes,no,4,3,3,2,3,4,2,13,0,3,60.0,60.0,75.0,0.0,39.0,0
51,51,Joana,Araujo,GP,F,15,U,LE3,T,4,2,health,other,other,mother,1,2,0,no,yes,yes,no,yes,yes,yes,no,4,3,3,1,1,5,2,13,0,3,20.0,60.0,75.0,0.0,31.0,0
52,52,Francisco,De Mello,GP,M,15,U,LE3,A,4,2,health,health,other,father,2,1,1,no,no,no,no,yes,yes,no,no,5,5,5,3,4,5,6,10,0,4,80.0,100.0,100.0,0.0,56.0,1
53,53,Dinis,Simoes,GP,F,15,U,GT3,T,4,4,services,services,course,mother,1,1,0,yes,yes,yes,no,yes,yes,yes,no,3,3,4,2,3,5,0,11,0,4,60.0,80.0,100.0,0.0,48.0,0
54,54,Santiago,Goncalves,GP,F,15,U,LE3,A,3,3,other,other,other,mother,1,1,0,no,no,yes,no,yes,yes,yes,no,5,3,4,4,4,1,6,13,0,4,80.0,80.0,100.0,0.0,52.0,0
55,55,Lara,Basto,GP,F,16,U,GT3,A,2,1,other,other,other,mother,1,2,0,no,no,yes,yes,yes,yes,yes,yes,5,3,4,1,1,2,8,10,1,3,20.0,80.0,75.0,100.0,75.0,1
56,56,Salvador,Peixoto,GP,F,15,U,GT3,A,4,3,services,services,reputation,mother,1,2,0,no,yes,yes,yes,yes,yes,yes,no,4,3,2,1,1,1,0,15,0,3,20.0,40.0,75.0,0.0,27.0,0
57,57,Salvador,Da Cunha,GP,M,15,U,GT3,T,4,4,teacher,health,reputation,mother,1,2,0,no,yes,no,yes,yes,yes,no,no,3,2,2,1,1,5,4,15,0,3,20.0,40.0,75.0,0.0,27.0,0
58,58,Rafael,Gandara,GP,M,15,U,LE3,T,1,2,other,at_home,home,father,1,2,0,yes,yes,no,yes,yes,yes,yes,no,4,3,2,1,1,5,2,9,0,3,20.0,40.0,75.0,0.0,27.0,1
59,59,Rafael,Maestre,GP,F,16,U,GT3,T,4,2,services,other,course,mother,1,2,0,no,yes,no,no,yes,yes,yes,no,4,2,3,1,1,5,2,16,0,3,20.0,60.0,75.0,0.0,31.0,0
60,60,Sofia,Louro,GP,F,16,R,GT3,T,4,4,health,teacher,other,mother,1,2,0,no,yes,no,yes,yes,yes,no,no,2,4,4,2,3,4,6,11,0,3,60.0,80.0,75.0,0.0,43.0,0
61,61,Carolina,Quadros,GP,F,16,U,GT3,T,1,1,services,services,course,father,4,1,0,yes,yes,no,yes,no,yes,yes,yes,5,5,5,5,5,5,6,11,0,4,100.0,100.0,100.0,0.0,60.0,0
62,62,João,Seda,GP,F,16,U,LE3,T,1,2,other,services,reputation,father,1,2,0,yes,no,no,yes,yes,yes,yes,no,4,4,3,1,1,1,4,9,0,3,20.0,60.0,75.0,0.0,31.0,1
63,63,Lourenço,De Armas,GP,F,16,U,GT3,T,4,3,teacher,health,home,mother,1,3,0,yes,yes,yes,yes,yes,yes,yes,no,3,4,4,2,4,4,2,9,0,2,80.0,80.0,50.0,0.0,42.0,1
64,64,Madalena,Cavaco,GP,F,15,U,LE3,T,4,3,services,services,reputation,father,1,2,0,yes,no,no,yes,yes,yes,yes,yes,4,4,4,2,4,2,0,10,0,3,80.0,80.0,75.0,0.0,47.0,1
65,65,Guilherme,Serpa,GP,F,16,U,LE3,T,4,3,teacher,services,course,mother,3,2,0,no,yes,no,yes,yes,yes,yes,no,5,4,3,1,2,1,2,15,0,3,40.0,60.0,75.0,0.0,35.0,0
66,66,Lara,Madeiros,GP,M,15,U,GT3,A,4,4,other,services,reputation,mother,1,4,0,no,yes,no,yes,no,yes,yes,yes,1,3,3,5,5,3,4,12,0,1,100.0,60.0,25.0,0.0,37.0,0
67,67,Alice,Reposa,GP,F,16,U,GT3,T,3,1,services,other,course,mother,1,4,0,yes,yes,yes,no,yes,yes,yes,no,4,3,3,1,2,5,4,6,0,1,40.0,60.0,25.0,0.0,25.0,1
68,68,Mariana,Primo,GP,F,15,R,LE3,T,2,2,health,services,reputation,mother,2,2,0,yes,yes,yes,no,yes,yes,yes,no,4,1,3,1,3,4,2,8,0,3,60.0,60.0,75.0,0.0,39.0,1
69,69,Leonor,Armao,GP,F,15,R,LE3,T,3,1,other,other,reputation,father,2,4,0,no,yes,no,no,no,yes,yes,no,4,4,2,2,3,3,12,16,1,1,60.0,40.0,25.0,100.0,65.0,0
70,70,Lucas,Sola,GP,M,16,U,GT3,T,3,1,other,other,reputation,father,2,4,0,no,yes,yes,no,yes,yes,yes,no,4,3,2,1,1,5,0,15,0,1,20.0,40.0,25.0,0.0,17.0,0
71,71,Santiago,Danca,GP,M,15,U,GT3,T,4,2,other,other,course,mother,1,4,0,no,no,no,no,yes,yes,yes,no,3,3,3,1,1,3,0,10,0,1,20.0,60.0,25.0,0.0,21.0,1
72,72,Francisca,Diniz,GP,F,15,R,GT3,T,1,1,other,other,reputation,mother,1,2,2,yes,yes,no,no,no,yes,yes,yes,3,3,4,2,4,5,2,5,0,3,80.0,80.0,75.0,0.0,47.0,1
73,73,Inês,Martinho,GP,M,16,U,GT3,T,3,1,other,other,reputation,mother,1,1,0,no,no,no,yes,yes,yes,no,no,5,3,2,2,2,5,2,14,0,4,40.0,40.0,100.0,0.0,36.0,0
74,74,Guilherme,Freire,GP,F,16,U,GT3,T,3,3,other,services,home,mother,1,2,0,yes,yes,yes,yes,yes,yes,yes,no,4,3,3,2,4,5,54,11,1,3,80.0,60.0,75.0,100.0,83.0,0
75,75,Dinis,De Sousa,GP,M,15,U,GT3,T,4,3,teacher,other,home,mother,1,2,0,no,yes,yes,yes,yes,yes,yes,no,4,3,3,2,3,5,6,10,0,3,60.0,60.0,75.0,0.0,39.0,1
76,76,Sofia,Pimental,GP,M,15,U,GT3,T,4,0,teacher,other,course,mother,2,4,0,no,no,no,yes,yes,yes,yes,no,3,4,3,1,1,1,8,10,1,1,20.0,60.0,25.0,100.0,61.0,1
77,77,Guilherme,Moura,GP,F,16,U,GT3,T,2,2,other,other,reputation,mother,1,4,0,no,no,yes,no,yes,yes,yes,yes,5,2,3,1,3,3,0,11,0,1,60.0,60.0,25.0,0.0,29.0,0
78,78,Beatriz,Paulos,GP,M,17,U,GT3,T,2,1,other,other,home,mother,2,1,3,yes,yes,no,yes,yes,no,yes,no,4,5,1,1,1,3,2,10,0,4,20.0,20.0,100.0,0.0,28.0,1
79,79,Gabriel,De Barros,GP,F,16,U,GT3,T,3,4,at_home,other,course,mother,1,2,0,no,yes,no,no,yes,yes,yes,no,2,4,3,1,2,3,12,5,1,3,40.0,60.0,75.0,100.0,75.0,1
80,80,Matilde,Ines,GP,M,15,U,GT3,T,2,3,other,services,course,father,1,1,0,yes,yes,yes,yes,no,yes,yes,yes,3,2,2,1,3,3,2,12,0,4,60.0,40.0,100.0,0.0,40.0,0
81,81,Lara,Sardinha,GP,M,15,U,GT3,T,2,3,other,other,home,mother,1,3,0,yes,no,yes,no,no,yes,yes,no,5,3,2,1,2,5,4,11,0,2,40.0,40.0,50.0,0.0,26.0,0
82,82,Francisco,Domingos,GP,F,15,U,LE3,T,3,2,services,other,reputation,mother,1,2,0,no,yes,yes,no,yes,yes,yes,no,4,4,4,1,1,5,10,6,1,3,20.0,80.0,75.0,100.0,75.0,1
83,83,Clara,Fidalgo,GP,M,15,U,LE3,T,2,2,services,services,home,mother,2,2,0,no,no,yes,yes,yes,yes,yes,no,5,3,3,1,3,4,4,15,0,3,60.0,60.0,75.0,0.0,39.0,0
84,84,Guilherme,Corado,GP,F,15,U,GT3,T,1,1,other,other,home,father,1,2,0,no,yes,no,yes,no,yes,yes,no,4,3,2,2,3,4,2,10,0,3,60.0,40.0,75.0,0.0,35.0,1
85,85,Diana,Da Rosa,GP,F,15,U,GT3,T,4,4,services,services,reputation,father,2,2,2,no,no,yes,no,yes,yes,yes,yes,4,4,4,2,3,5,6,8,0,3,60.0,80.0,75.0,0.0,43.0,1
86,86,Afonso,Cacho,GP,F,16,U,LE3,T,2,2,at_home,other,course,mother,1,2,0,no,yes,no,no,yes,yes,no,no,4,3,4,1,2,2,4,6,0,3,40.0,80.0,75.0,0.0,39.0,1
87,87,Gabriel,Solorio,GP,F,15,U,GT3,T,4,2,other,other,reputation,mother,1,3,0,no,yes,no,yes,yes,yes,yes,no,5,3,3,1,3,1,4,14,0,2,60.0,60.0,50.0,0.0,34.0,0
88,88,Lucas,De Pina,GP,M,16,U,GT3,T,2,2,services,other,reputation,father,2,2,1,no,no,yes,yes,no,yes,yes,no,4,4,2,1,1,3,12,10,1,3,20.0,40.0,75.0,100.0,67.0,1
89,89,Miguel,Chico,GP,M,16,U,LE3,A,4,4,teacher,health,reputation,mother,1,2,0,no,yes,no,no,yes,yes,no,no,4,1,3,3,5,5,18,7,1,3,100.0,60.0,75.0,100.0,87.0,1
90,90,Afonso,Junior,GP,F,16,U,GT3,T,3,3,other,other,home,mother,1,3,0,no,yes,yes,no,yes,yes,yes,yes,4,3,3,1,3,4,0,8,0,2,60.0,60.0,50.0,0.0,34.0,1
91,91,Maria,Marques,GP,F,15,U,GT3,T,4,3,services,other,reputation,mother,1,1,0,no,no,yes,yes,yes,yes,yes,no,4,5,5,1,3,1,4,18,0,4,60.0,100.0,100.0,0.0,52.0,0
92,92,Francisca,Magalhaes,GP,F,16,U,LE3,T,3,1,other,other,home,father,1,2,0,yes,yes,no,no,yes,yes,no,no,3,3,3,2,3,2,4,6,0,3,60.0,60.0,75.0,0.0,39.0,1
93,93,Camila,De Sa,GP,F,16,U,GT3,T,4,2,teacher,services,home,mother,2,2,0,no,yes,yes,yes,yes,yes,yes,no,5,3,3,1,1,1,0,10,0,3,20.0,60.0,75.0,0.0,31.0,1
94,94,Martim,Neve,GP,M,15,U,LE3,T,2,2,services,health,reputation,mother,1,4,0,no,yes,no,yes,yes,yes,yes,no,4,3,4,1,1,4,6,14,0,1,20.0,80.0,25.0,0.0,25.0,0
95,95,Lara,Souza,GP,F,15,R,GT3,T,1,1,at_home,other,home,mother,2,4,1,yes,yes,yes,yes,yes,yes,yes,no,3,1,2,1,1,1,2,10,0,1,20.0,40.0,25.0,0.0,17.0,1
96,96,João,Amorim,GP,M,16,R,GT3,T,4,3,services,other,reputation,mother,2,1,0,yes,yes,no,yes,no,yes,yes,no,3,3,3,1,1,4,2,15,0,4,20.0,60.0,100.0,0.0,36.0,0
97,97,Sofia,Mateus,GP,F,16,U,GT3,T,2,1,other,other,course,mother,1,2,0,no,yes,yes,no,yes,yes,no,yes,4,3,5,1,1,5,2,10,0,3,20.0,100.0,75.0,0.0,39.0,1
98,98,Inês,Simas,GP,F,16,U,GT3,T,4,4,other,other,reputation,mother,1,1,0,no,no,no,yes,no,yes,yes,no,5,3,4,1,2,1,6,14,0,4,40.0,80.0,100.0,0.0,44.0,0
99,99,Diana,Damaso,GP,F,16,U,GT3,T,4,3,other,at_home,course,mother,1,3,0,yes,yes,yes,no,yes,yes,yes,no,5,3,5,1,1,3,0,8,0,2,20.0,100.0,50.0,0.0,34.0,1
100,100,Lucas,Marcelino,GP,M,16,U,GT3,T,4,4,services,services,other,mother,1,1,0,yes,yes,yes,yes,yes,yes,yes,no,4,5,5,5,5,4,14,5,1,4,100.0,100.0,100.0,100.0,100.0,1
101,101,Leonor,Vara,GP,M,16,U,GT3,T,4,4,services,teacher,other,father,1,3,0,no,yes,no,yes,yes,yes,yes,yes,4,4,3,1,1,4,0,17,0,2,20.0,60.0,50.0,0.0,26.0,0
102,102,Madalena,Spinola,GP,M,15,U,GT3,T,4,4,services,other,course,mother,1,1,0,no,yes,no,yes,no,yes,yes,no,5,3,3,1,1,5,4,14,0,4,20.0,60.0,100.0,0.0,36.0,0
103,103,Madalena,Matos,GP,F,15,U,GT3,T,3,2,services,other,home,mother,2,2,0,yes,yes,yes,no,yes,yes,yes,no,4,3,5,1,1,2,26,6,1,3,20.0,100.0,75.0,100.0,79.0,1
104,104,Mariana,Soares,GP,M,15,U,GT3,A,3,4,services,other,course,mother,1,2,0,no,yes,yes,yes,yes,yes,yes,no,5,4,4,1,1,1,0,18,0,3,20.0,80.0,75.0,0.0,35.0,0
105,105,Beatriz,Vala,GP,F,15,U,GT3,A,3,3,other,health,reputation,father,1,4,0,yes,no,no,no,yes,yes,no,no,4,3,3,1,1,4,10,11,1,1,20.0,60.0,25.0,100.0,61.0,0
106,106,Madalena,Meneses,GP,F,15,U,GT3,T,2,2,other,other,course,mother,1,4,0,yes,yes,yes,no,yes,yes,yes,no,5,1,2,1,1,3,8,8,1,1,20.0,40.0,25.0,100.0,57.0,1
107,107,Lucas,Saade,GP,M,16,U,GT3,T,3,3,services,other,home,father,1,3,0,no,yes,no,yes,yes,yes,yes,no,5,3,3,1,1,5,2,18,0,2,20.0,60.0,50.0,0.0,26.0,0
108,108,Gonçalo,Fogo,GP,M,15,R,GT3,T,4,4,other,other,home,father,4,4,0,no,yes,yes,yes,yes,yes,yes,yes,1,3,5,3,5,1,6,13,0,1,100.0,100.0,25.0,0.0,45.0,0
109,109,Joana,Raposa,GP,F,16,U,LE3,T,4,4,health,health,other,mother,1,3,0,no,yes,yes,yes,yes,yes,yes,yes,5,4,5,1,1,4,4,16,0,2,20.0,100.0,50.0,0.0,34.0,0
110,110,Leonor,Arvelo,GP,M,15,U,LE3,A,4,4,teacher,teacher,course,mother,1,1,0,no,no,no,yes,yes,yes,yes,no,5,5,3,1,1,4,6,19,0,4,20.0,60.0,100.0,0.0,36.0,0
111,111,Alice,Lucio,GP,F,16,R,GT3,T,3,3,services,other,reputation,father,1,3,1,yes,yes,no,yes,yes,yes,yes,no,4,1,2,1,1,2,0,10,0,2,20.0,40.0,50.0,0.0,22.0,1
112,112,Madalena,Couto,GP,F,16,U,GT3,T,2,2,at_home,other,home,mother,1,2,1,yes,no,no,yes,yes,yes,yes,no,3,1,2,1,1,5,6,13,0,3,20.0,40.0,75.0,0.0,27.0,0
113,113,Afonso,Natal,GP,M,15,U,LE3,T,4,2,teacher,other,course,mother,1,1,0,no,no,no,no,yes,yes,yes,no,3,5,2,1,1,3,10,19,1,4,20.0,40.0,100.0,100.0,72.0,0
114,114,Francisco,Montalto,GP,M,15,R,GT3,T,2,1,health,services,reputation,mother,1,2,0,no,no,no,yes,yes,yes,yes,yes,5,4,2,1,1,5,8,9,1,3,20.0,40.0,75.0,100.0,67.0,1
115,115,Pedro,Monserrate,GP,M,16,U,GT3,T,4,4,teacher,teacher,course,father,1,2,0,no,yes,no,yes,yes,yes,yes,no,5,4,4,1,2,5,2,16,0,3,40.0,80.0,75.0,0.0,39.0,0
116,116,Beatriz,Lapa,GP,M,15,U,GT3,T,4,4,other,teacher,reputation,father,2,2,0,no,yes,no,yes,yes,yes,no,no,4,4,3,1,1,2,2,14,0,3,20.0,60.0,75.0,0.0,31.0,0
117,117,Clara,Nazario,GP,M,16,U,GT3,T,3,3,other,services,home,father,2,1,0,no,no,no,yes,yes,yes,yes,no,5,4,2,1,1,5,0,13,0,4,20.0,40.0,100.0,0.0,32.0,0
118,118,Clara,Frausto,GP,M,17,R,GT3,T,1,3,other,other,course,father,3,2,1,no,yes,no,yes,yes,yes,yes,no,5,2,4,1,4,5,20,8,1,3,80.0,80.0,75.0,100.0,87.0,1
119,119,Guilherme,Pereyra,GP,M,15,U,GT3,T,3,4,other,other,reputation,father,1,1,0,no,no,no,no,yes,yes,yes,no,3,4,3,1,2,4,6,13,0,4,40.0,60.0,100.0,0.0,40.0,0
120,120,Martim,Portela,GP,F,15,U,GT3,T,1,2,at_home,services,course,mother,1,2,0,no,no,no,no,no,yes,yes,no,3,2,3,1,2,1,2,15,0,3,40.0,60.0,75.0,0.0,35.0,0
121,121,Duarte,Resendes,GP,M,15,U,GT3,T,2,2,services,services,home,father,1,4,0,no,yes,yes,yes,yes,yes,yes,no,5,5,4,1,2,5,6,15,0,1,40.0,80.0,25.0,0.0,29.0,0
122,122,Duarte,Chavis,GP,F,16,U,LE3,T,2,4,other,health,course,father,2,2,0,no,yes,yes,yes,yes,yes,yes,yes,4,2,2,1,2,5,2,13,0,3,40.0,40.0,75.0,0.0,31.0,0
123,123,Rafael,Sago,GP,M,16,U,GT3,T,4,4,health,other,course,mother,1,1,0,no,yes,no,yes,yes,yes,yes,no,3,4,4,1,4,5,18,13,1,4,80.0,80.0,100.0,100.0,92.0,0
124,124,Gonçalo,Duarte,GP,F,16,U,GT3,T,2,2,other,other,home,mother,1,2,0,no,no,yes,no,yes,yes,yes,yes,5,4,4,1,1,5,0,8,0,3,20.0,80.0,75.0,0.0,35.0,1
125,125,Maria,Montalvo,GP,M,15,U,GT3,T,3,4,services,services,home,father,1,1,0,yes,no,no,no,yes,yes,yes,no,5,5,5,3,2,5,0,12,0,4,40.0,100.0,100.0,0.0,48.0,0
126,126,Camila,Vas,GP,F,15,U,LE3,A,3,4,other,other,home,mother,1,2,0,yes,no,no,yes,yes,yes,yes,yes,5,3,2,1,1,1,0,11,0,3,20.0,40.0,75.0,0.0,27.0,0
127,127,João,Sales,GP,F,19,U,GT3,T,0,1,at_home,other,course,other,1,2,3,no,yes,no,no,no,no,no,no,3,4,2,1,1,5,2,9,0,3,20.0,40.0,75.0,0.0,27.0,1
128,129,Clara,Paes,GP,M,16,R,GT3,T,4,4,teacher,teacher,course,mother,1,1,0,no,no,yes,yes,yes,yes,yes,no,3,5,5,2,5,4,8,18,1,4,100.0,100.0,100.0,100.0,100.0,0
129,132,Miguel,Orta,GP,F,17,U,LE3,T,2,2,other,other,course,father,1,1,0,no,yes,no,no,yes,yes,yes,yes,3,4,4,1,3,5,12,12,1,4,60.0,80.0,100.0,100.0,88.0,0
130,133,Alice,Reza,GP,F,16,U,GT3,A,3,4,services,other,course,father,1,1,0,no,no,no,no,yes,yes,yes,no,3,2,1,1,4,5,16,11,1,4,80.0,20.0,100.0,100.0,80.0,0
131,138,Afonso,Alvarenga,GP,M,16,U,LE3,T,1,1,services,other,course,mother,1,2,1,no,no,no,no,yes,yes,no,yes,4,4,4,1,3,5,0,12,0,3,60.0,80.0,75.0,0.0,43.0,0
132,139,Miguel,Pinheiro,GP,F,15,U,GT3,T,4,4,teacher,teacher,course,mother,2,1,0,no,no,no,yes,yes,yes,yes,no,4,3,2,1,1,5,0,15,0,4,20.0,40.0,100.0,0.0,32.0,0
133,141,Guilherme,Ferra,GP,M,16,U,LE3,T,2,2,services,services,reputation,father,2,1,2,no,yes,no,yes,yes,yes,yes,no,2,3,3,2,2,2,8,9,1,4,40.0,60.0,100.0,100.0,80.0,1
134,142,Benedita,Faria,GP,F,15,U,GT3,T,4,4,teacher,services,course,mother,1,3,0,no,yes,yes,yes,yes,yes,yes,no,4,2,2,1,1,5,2,11,0,2,20.0,40.0,50.0,0.0,22.0,0
135,143,Sofia,Serrao,GP,F,16,U,LE3,T,1,1,at_home,at_home,course,mother,1,1,0,no,no,no,no,yes,yes,yes,no,3,4,4,3,3,1,2,13,0,4,60.0,80.0,100.0,0.0,48.0,0
136,145,Tomás,Nicolau,GP,F,15,U,GT3,T,1,1,other,services,course,father,1,2,0,no,yes,yes,no,yes,yes,yes,no,4,4,2,1,2,5,0,11,0,3,40.0,40.0,75.0,0.0,31.0,0
137,147,Salvador,Marcelo,GP,F,15,U,GT3,T,1,2,at_home,other,course,mother,1,2,0,no,yes,yes,no,no,yes,yes,no,4,3,2,1,1,5,2,11,0,3,20.0,40.0,75.0,0.0,27.0,0
138,149,Lara,Cardoso,GP,M,15,U,LE3,A,2,1,services,other,course,mother,4,1,3,no,no,no,no,yes,yes,yes,no,4,5,5,2,5,5,0,10,0,4,100.0,100.0,100.0,0.0,60.0,1
139,151,Martim,Vasconcelos,GP,M,16,U,LE3,T,2,1,at_home,other,course,mother,1,1,1,no,no,no,yes,yes,yes,no,yes,4,4,4,3,5,5,6,14,0,4,100.0,80.0,100.0,0.0,56.0,0
140,152,Maria,Fortes,GP,F,15,R,GT3,T,3,3,services,services,reputation,other,2,3,2,no,yes,yes,yes,yes,yes,yes,yes,4,2,1,2,3,3,8,10,1,2,60.0,20.0,50.0,100.0,66.0,1
141,154,Joana,Espinola,GP,F,17,U,GT3,T,4,4,other,teacher,course,mother,1,1,0,yes,yes,no,no,yes,yes,no,yes,4,2,1,1,1,4,0,12,0,4,20.0,20.0,100.0,0.0,28.0,0
142,155,Salvador,Cuba,GP,M,15,R,GT3,T,2,3,at_home,services,course,mother,1,2,0,yes,no,yes,yes,yes,yes,no,no,4,4,4,1,1,1,2,8,0,3,20.0,80.0,75.0,0.0,35.0,1
143,156,Maria,Socia,GP,M,17,R,LE3,T,1,2,other,other,reputation,mother,1,1,0,no,no,no,no,yes,yes,no,no,2,2,2,3,3,5,8,13,1,4,60.0,40.0,100.0,100.0,80.0,0
144,157,Gonçalo,Mattos,GP,F,18,R,GT3,T,1,1,at_home,other,course,mother,3,1,3,no,yes,no,yes,no,yes,no,no,5,2,5,1,5,4,6,10,0,4,100.0,100.0,100.0,0.0,60.0,1
145,158,Rafael,Peres,GP,M,16,R,GT3,T,2,2,at_home,other,course,mother,3,1,0,no,no,no,no,no,yes,no,no,4,2,2,1,2,3,2,15,0,4,40.0,40.0,100.0,0.0,36.0,0
146,159,Lucas,Prata,GP,M,16,U,GT3,T,3,3,other,services,course,father,1,2,1,no,yes,yes,no,yes,yes,yes,yes,4,5,5,4,4,5,4,12,0,3,80.0,100.0,75.0,0.0,51.0,0
147,161,Pedro,Fonte,GP,M,15,R,GT3,T,3,2,other,other,course,mother,2,2,2,yes,yes,no,no,yes,yes,yes,yes,4,4,4,1,4,3,6,7,0,3,80.0,80.0,75.0,0.0,47.0,1
148,163,Gonçalo,Moreira,GP,M,17,U,GT3,T,1,3,at_home,services,course,father,1,1,0,no,no,no,no,yes,no,yes,no,5,3,3,1,4,2,2,10,0,4,80.0,60.0,100.0,0.0,48.0,1
149,164,Rodrigo,Miguez,GP,M,17,R,LE3,T,1,1,other,services,course,mother,4,2,3,no,no,no,yes,yes,no,no,yes,5,3,5,1,5,5,0,7,0,3,100.0,100.0,75.0,0.0,55.0,1
150,165,Madalena,Matheus,GP,M,16,U,GT3,T,3,2,services,services,course,mother,2,1,1,no,yes,no,yes,no,no,no,no,4,5,2,1,1,2,16,12,1,4,20.0,40.0,100.0,100.0,72.0,0
151,166,Duarte,Monge,GP,M,16,U,GT3,T,2,2,other,other,course,father,1,2,0,no,no,no,no,yes,no,yes,no,4,3,5,2,4,4,4,10,0,3,80.0,100.0,75.0,0.0,51.0,1
152,167,Francisca,Constancio,GP,F,16,U,GT3,T,4,2,health,services,home,father,1,2,0,no,no,yes,no,yes,yes,yes,yes,4,2,3,1,1,3,0,16,0,3,20.0,60.0,75.0,0.0,31.0,0
153,169,Rodrigo,Rapozo,GP,F,16,U,GT3,T,4,4,health,health,reputation,mother,1,2,0,no,yes,yes,no,yes,yes,yes,yes,4,4,2,1,1,3,0,14,0,3,20.0,40.0,75.0,0.0,27.0,0
154,171,Gustavo,Agre,GP,M,16,U,GT3,T,1,0,other,other,reputation,mother,2,2,0,no,yes,yes,yes,yes,yes,yes,yes,4,3,2,1,1,3,2,16,0,3,20.0,40.0,75.0,0.0,27.0,0
155,172,Tiago,Pinto,GP,M,17,U,LE3,T,4,4,teacher,other,reputation,mother,1,2,0,no,yes,yes,yes,yes,yes,yes,no,4,4,4,1,3,5,0,10,0,3,60.0,80.0,75.0,0.0,43.0,1
156,174,Joana,Mendes,GP,F,16,U,LE3,T,3,3,other,other,reputation,mother,2,2,0,no,yes,yes,yes,yes,yes,yes,no,4,4,5,1,1,4,4,9,0,3,20.0,100.0,75.0,0.0,39.0,1
157,175,Lucas,Peru,GP,M,17,U,LE3,T,4,3,teacher,other,course,mother,2,2,0,no,no,yes,yes,yes,yes,yes,no,4,4,4,4,4,4,4,9,0,3,80.0,80.0,75.0,0.0,47.0,1
158,176,Leonor,Palma,GP,F,16,U,GT3,T,2,2,services,other,reputation,mother,2,2,0,no,no,yes,yes,no,yes,yes,no,3,4,4,1,4,5,2,11,0,3,80.0,80.0,75.0,0.0,47.0,0
159,177,Rafael,Paiva,GP,M,17,U,GT3,T,3,3,other,other,reputation,father,1,2,0,no,no,no,yes,no,yes,yes,no,4,3,4,1,4,4,4,6,0,3,80.0,80.0,75.0,0.0,47.0,1
160,178,Sofia,Porto,GP,M,16,R,GT3,T,4,2,teacher,services,other,mother,1,1,0,no,yes,no,yes,yes,yes,yes,yes,4,3,3,3,4,3,10,9,1,4,80.0,60.0,100.0,100.0,88.0,1
161,179,Diana,Maia,GP,M,17,U,GT3,T,4,3,other,other,course,mother,1,2,0,no,yes,no,yes,yes,yes,yes,yes,5,2,3,1,1,2,4,11,0,3,20.0,60.0,75.0,0.0,31.0,0
162,180,Pedro,Tavares,GP,M,16,U,GT3,T,4,3,teacher,other,home,mother,1,2,0,no,yes,yes,yes,yes,yes,yes,no,3,4,3,2,3,3,10,8,1,3,60.0,60.0,75.0,100.0,79.0,1
163,181,Afonso,Pimenta,GP,M,16,U,GT3,T,3,3,services,other,home,mother,1,2,0,no,no,yes,yes,yes,yes,yes,yes,4,2,3,1,2,3,2,12,0,3,40.0,60.0,75.0,0.0,35.0,0
164,182,Joana,Braz,GP,F,17,U,GT3,T,2,4,services,services,reputation,father,1,2,0,no,yes,no,yes,yes,yes,no,no,5,4,2,2,3,5,0,17,0,3,60.0,40.0,75.0,0.0,35.0,0
165,183,Alice,Pesqueira,GP,F,17,U,LE3,T,3,3,other,other,reputation,mother,1,2,0,no,yes,no,yes,yes,yes,yes,yes,5,3,3,2,3,1,56,8,1,3,60.0,60.0,75.0,100.0,79.0,1
166,184,Camila,Lopes,GP,F,16,U,GT3,T,3,2,other,other,reputation,mother,1,2,0,no,yes,yes,no,yes,yes,yes,no,1,2,2,1,2,1,14,12,1,3,40.0,40.0,75.0,100.0,71.0,0
167,185,Gustavo,Fontes,GP,M,17,U,GT3,T,3,3,services,services,other,mother,1,2,0,no,yes,no,yes,yes,yes,yes,yes,4,3,4,2,3,4,12,11,1,3,60.0,80.0,75.0,100.0,83.0,0
168,186,Alice,Evora,GP,M,16,U,GT3,T,1,2,services,services,other,mother,1,1,0,no,yes,yes,yes,yes,yes,yes,yes,3,3,3,1,2,3,2,11,0,4,40.0,60.0,100.0,0.0,40.0,0
169,187,Ana,Castelo,GP,M,16,U,LE3,T,2,1,other,other,course,mother,1,2,0,no,no,yes,yes,yes,yes,yes,yes,4,2,3,1,2,5,0,15,0,3,40.0,60.0,75.0,0.0,35.0,0
170,188,Alice,Galioto,GP,F,17,U,GT3,A,3,3,health,other,reputation,mother,1,2,0,no,yes,no,no,no,yes,yes,yes,3,3,3,1,3,3,6,9,0,3,60.0,60.0,75.0,0.0,39.0,1
171,189,Gabriel,Figueiredo,GP,M,17,R,GT3,T,1,2,at_home,other,home,mother,1,2,0,no,no,no,no,yes,yes,no,no,3,1,3,1,5,3,4,10,0,3,100.0,60.0,75.0,0.0,47.0,1
172,190,Clara,Rodarte,GP,F,16,U,GT3,T,2,3,services,services,course,mother,1,2,0,no,no,no,no,yes,yes,yes,no,4,3,3,1,1,2,10,13,1,3,20.0,60.0,75.0,100.0,71.0,0
173,191,Maria,Limas,GP,F,17,U,GT3,T,1,1,at_home,services,course,mother,1,2,0,no,no,no,yes,yes,yes,yes,no,5,3,3,1,1,3,0,9,0,3,20.0,60.0,75.0,0.0,31.0,1
174,192,Lourenço,Simao,GP,M,17,U,GT3,T,1,2,at_home,services,other,other,2,2,0,no,no,yes,yes,no,yes,yes,no,4,4,4,4,5,5,12,8,1,3,100.0,80.0,75.0,100.0,91.0,1
175,193,Santiago,Dias,GP,M,16,R,GT3,T,3,3,services,services,reputation,mother,1,1,0,no,yes,no,yes,yes,yes,yes,no,4,3,2,3,4,5,8,10,1,4,80.0,40.0,100.0,100.0,84.0,1
176,194,Alice,Madeira,GP,M,16,U,GT3,T,2,3,other,other,home,father,2,1,0,no,no,no,no,yes,yes,yes,no,5,3,3,1,1,3,0,14,0,4,20.0,60.0,100.0,0.0,36.0,0
177,195,Gustavo,Da Cruz,GP,F,17,U,LE3,T,2,4,services,services,course,father,1,2,0,no,no,no,yes,yes,yes,yes,yes,4,3,2,1,1,5,0,15,0,3,20.0,40.0,75.0,0.0,27.0,0
178,196,Lara,Mirante,GP,M,17,U,GT3,T,4,4,services,teacher,home,mother,1,1,0,no,no,no,no,yes,yes,yes,no,5,2,3,1,2,5,4,16,0,4,40.0,60.0,100.0,0.0,40.0,0
179,197,Lucas,De Lacerda,GP,M,16,R,LE3,T,3,3,teacher,other,home,father,3,1,0,no,yes,yes,yes,yes,yes,yes,no,3,3,4,3,5,3,8,10,1,4,100.0,80.0,100.0,100.0,96.0,1
180,198,Lucas,Brasil,GP,F,17,U,GT3,T,4,4,services,teacher,home,mother,2,1,1,no,yes,no,no,yes,yes,yes,no,4,2,4,2,3,2,24,18,1,4,60.0,80.0,100.0,100.0,88.0,0
181,199,Leonor,De Cotis,GP,F,16,U,LE3,T,4,4,teacher,teacher,reputation,mother,1,2,0,no,yes,yes,no,yes,yes,yes,no,4,5,2,1,2,3,0,10,0,3,40.0,40.0,75.0,0.0,31.0,1
182,200,Lucas,Mata,GP,F,16,U,GT3,T,4,3,health,other,home,mother,1,2,0,no,yes,no,yes,yes,yes,yes,no,4,3,5,1,5,2,2,16,0,3,100.0,100.0,75.0,0.0,55.0,0
183,201,Francisca,Fernandes,GP,F,16,U,GT3,T,2,3,other,other,reputation,mother,1,2,0,yes,yes,yes,yes,yes,yes,no,no,4,4,3,1,3,4,6,10,0,3,60.0,60.0,75.0,0.0,39.0,1
184,202,Madalena,Da Rocha,GP,F,17,U,GT3,T,1,1,other,other,course,mother,1,2,0,no,yes,yes,no,no,yes,no,no,4,4,4,1,3,1,4,10,0,3,60.0,80.0,75.0,0.0,43.0,1
185,203,Matilde,Regalado,GP,F,17,R,GT3,T,2,2,other,other,reputation,mother,1,1,0,no,yes,no,no,yes,yes,yes,no,5,3,2,1,2,3,18,6,1,4,40.0,40.0,100.0,100.0,76.0,1
186,204,Clara,Rezendes,GP,F,16,R,GT3,T,2,2,services,services,reputation,mother,2,4,0,no,yes,yes,yes,no,yes,yes,no,5,3,5,1,1,5,6,11,0,1,20.0,100.0,25.0,0.0,29.0,0
187,205,Joana,Ponte,GP,F,17,U,GT3,T,3,4,at_home,services,home,mother,1,3,1,no,yes,yes,no,yes,yes,yes,yes,4,4,3,3,4,5,28,9,1,2,80.0,60.0,50.0,100.0,78.0,1
188,206,Diana,Sa,GP,F,16,U,GT3,A,3,1,services,other,course,mother,1,2,3,no,yes,yes,no,yes,yes,yes,no,2,3,3,2,2,4,5,7,0,3,40.0,60.0,75.0,0.0,35.0,1
189,207,Pedro,Avelar,GP,F,16,U,GT3,T,4,3,teacher,other,other,mother,1,2,0,no,no,yes,yes,yes,yes,yes,yes,1,3,2,1,1,1,10,13,1,3,20.0,40.0,75.0,100.0,67.0,0
190,208,Francisco,Carreira,GP,F,16,U,GT3,T,1,1,at_home,other,home,mother,2,1,0,no,yes,yes,no,yes,yes,no,no,4,3,2,1,4,5,6,10,0,4,80.0,40.0,100.0,0.0,44.0,1
191,209,Camila,Flor,GP,F,17,R,GT3,T,4,3,teacher,other,reputation,mother,2,3,0,no,yes,yes,yes,yes,yes,yes,yes,4,4,2,1,1,4,6,7,0,2,20.0,40.0,50.0,0.0,22.0,1
192,210,Alice,Macedo,GP,F,19,U,GT3,T,3,3,other,other,reputation,other,1,4,0,no,yes,yes,yes,yes,yes,yes,no,4,3,3,1,2,3,10,8,1,1,40.0,60.0,25.0,100.0,65.0,1
193,211,Rafael,Naves,GP,M,17,U,LE3,T,4,4,services,other,home,mother,1,2,0,no,yes,yes,no,yes,yes,yes,yes,5,3,5,4,5,3,13,13,1,3,100.0,100.0,75.0,100.0,95.0,0
194,212,Gonçalo,Abreu,GP,F,16,U,GT3,A,2,2,other,other,reputation,mother,1,2,0,yes,yes,yes,no,yes,yes,yes,no,3,3,4,1,1,4,0,14,0,3,20.0,80.0,75.0,0.0,35.0,0
195,213,Gabriel,Pombo,GP,M,18,U,GT3,T,2,2,services,other,home,mother,1,2,1,no,yes,yes,yes,yes,yes,yes,no,4,4,4,2,4,5,15,8,1,3,80.0,80.0,75.0,100.0,87.0,1
196,214,Salvador,Joaquim,GP,F,17,R,LE3,T,4,4,services,other,other,mother,1,1,0,no,yes,yes,no,yes,yes,no,no,5,2,1,1,2,3,12,10,1,4,40.0,20.0,100.0,100.0,72.0,1
197,215,Gabriel,Ruis,GP,F,17,U,LE3,T,3,2,other,other,reputation,mother,2,2,0,no,no,yes,no,yes,yes,yes,no,4,4,4,1,3,1,2,15,0,3,60.0,80.0,75.0,0.0,43.0,0
198,216,Clara,Merenda,GP,F,17,U,GT3,T,4,3,other,other,reputation,mother,1,2,2,no,no,yes,no,yes,yes,yes,yes,3,4,5,2,4,1,22,4,1,3,80.0,100.0,75.0,100.0,91.0,1
199,217,Joana,Texeira,GP,M,18,U,LE3,T,3,3,services,health,home,father,1,2,1,no,yes,yes,no,yes,yes,yes,no,3,2,4,2,4,4,13,8,1,3,80.0,80.0,75.0,100.0,87.0,1
200,218,Margarida,Belo,GP,F,17,U,GT3,T,2,3,at_home,other,home,father,2,1,0,no,yes,yes,no,yes,yes,no,no,3,3,3,1,4,3,3,8,0,4,80.0,60.0,100.0,0.0,48.0,1
201,219,João,Oliveira,GP,F,17,U,GT3,T,2,2,at_home,at_home,course,mother,1,3,0,no,yes,yes,yes,yes,yes,yes,no,4,3,3,1,1,4,4,10,0,2,20.0,60.0,50.0,0.0,26.0,1
202,220,Inês,Ornelas,GP,F,17,R,GT3,T,2,1,at_home,services,reputation,mother,2,2,0,no,yes,no,yes,yes,yes,yes,no,4,2,5,1,2,5,2,6,0,3,40.0,100.0,75.0,0.0,43.0,1
203,222,Mariana,Reveles,GP,F,16,U,GT3,T,2,3,services,teacher,other,mother,1,2,0,yes,no,no,no,yes,yes,yes,no,2,3,1,1,1,3,2,17,0,3,20.0,20.0,75.0,0.0,23.0,0
204,223,João,Souva,GP,M,18,U,GT3,T,2,2,other,other,home,mother,2,2,0,no,yes,yes,no,yes,yes,yes,no,3,3,3,5,5,4,0,13,0,3,100.0,60.0,75.0,0.0,47.0,0
205,224,Sofia,Aparicio,GP,F,16,U,GT3,T,4,4,teacher,services,home,mother,1,3,0,no,yes,no,yes,no,yes,yes,no,5,3,2,1,1,5,0,14,0,2,20.0,40.0,50.0,0.0,22.0,0
206,225,Francisca,Linhares,GP,F,18,R,GT3,T,3,1,other,other,reputation,mother,1,2,1,no,no,no,yes,yes,yes,yes,yes,5,3,3,1,1,4,16,7,1,3,20.0,60.0,75.0,100.0,71.0,1
207,226,João,Rapa,GP,F,17,U,GT3,T,3,2,other,other,course,mother,1,2,0,no,no,no,yes,no,yes,yes,no,5,3,4,1,3,3,10,15,1,3,60.0,80.0,75.0,100.0,83.0,0
208,227,Camila,Souto,GP,M,17,U,LE3,T,2,3,services,services,reputation,father,1,2,0,no,yes,yes,no,no,yes,yes,no,5,3,3,1,3,3,2,12,0,3,60.0,60.0,75.0,0.0,39.0,0
209,228,Laura,Sousa,GP,M,18,U,LE3,T,2,1,at_home,other,course,mother,4,2,0,yes,yes,yes,yes,yes,yes,yes,yes,4,3,2,4,5,3,14,9,1,3,100.0,40.0,75.0,100.0,83.0,1
210,229,Duarte,De Lima,GP,F,17,U,GT3,A,2,1,other,other,course,mother,2,3,0,no,no,no,yes,yes,yes,yes,yes,3,2,3,1,2,3,10,12,1,2,40.0,60.0,50.0,100.0,70.0,0
211,230,Inês,Caldeira,GP,F,17,U,LE3,T,4,3,health,other,reputation,father,1,2,0,no,no,no,yes,yes,yes,yes,yes,3,2,3,1,2,3,14,14,1,3,40.0,60.0,75.0,100.0,75.0,0
212,231,Madalena,Cal,GP,M,17,R,GT3,T,2,2,other,other,course,father,2,2,0,no,yes,yes,yes,yes,yes,yes,no,4,5,2,1,1,1,4,11,0,3,20.0,40.0,75.0,0.0,27.0,0
213,232,Clara,Netto,GP,M,17,U,GT3,T,4,4,teacher,teacher,reputation,mother,1,2,0,yes,yes,no,yes,yes,yes,yes,yes,4,5,5,1,3,2,14,9,1,3,60.0,100.0,75.0,100.0,87.0,1
214,233,Sofia,Acosta,GP,M,16,U,GT3,T,4,4,health,other,reputation,father,1,2,0,no,yes,yes,yes,yes,yes,yes,no,4,2,4,2,4,1,2,13,0,3,80.0,80.0,75.0,0.0,47.0,0
215,234,Mariana,Maciel,GP,M,16,U,LE3,T,1,1,other,other,home,mother,2,2,0,no,yes,yes,no,yes,yes,yes,no,3,4,2,1,1,5,18,6,1,3,20.0,40.0,75.0,100.0,67.0,1
216,235,Beatriz,Cassis,GP,M,16,U,GT3,T,3,2,at_home,other,reputation,mother,2,3,0,no,no,no,yes,yes,yes,yes,yes,5,3,3,1,3,2,10,10,1,2,60.0,60.0,50.0,100.0,74.0,1
217,236,Francisco,Raposa,GP,M,17,U,LE3,T,2,2,other,other,home,father,1,2,0,no,no,yes,yes,no,yes,yes,yes,4,4,2,5,5,4,4,13,0,3,100.0,40.0,75.0,0.0,43.0,0
218,237,Lucas,Anes,GP,F,16,U,GT3,T,2,1,other,other,home,mother,1,1,0,no,no,no,no,yes,yes,yes,yes,4,5,2,1,1,5,20,12,1,4,20.0,40.0,100.0,100.0,72.0,0
219,238,Francisco,Migues,GP,F,17,R,GT3,T,2,1,at_home,services,course,mother,3,2,0,no,no,no,yes,yes,yes,no,no,2,1,1,1,1,3,2,11,0,3,20.0,20.0,75.0,0.0,23.0,0
220,240,Carolina,Pinho,GP,M,17,U,LE3,T,4,3,health,other,course,mother,2,2,0,no,no,no,yes,yes,yes,yes,yes,2,5,5,1,4,5,14,12,1,3,80.0,100.0,75.0,100.0,91.0,0
221,241,Lucas,Barboza,GP,M,17,R,LE3,A,4,4,teacher,other,course,mother,2,2,0,no,yes,yes,no,yes,yes,yes,no,3,3,3,2,3,4,2,12,0,3,60.0,60.0,75.0,0.0,39.0,0
222,243,Inês,Nunes,GP,M,16,U,GT3,T,4,4,services,services,course,mother,1,1,0,no,no,no,yes,yes,yes,yes,no,5,3,2,1,2,5,0,12,0,4,40.0,40.0,100.0,0.0,36.0,0
223,245,Guilherme,Afonso,GP,M,16,U,GT3,T,2,1,other,other,course,mother,3,1,0,no,no,no,no,yes,yes,yes,no,4,3,3,1,1,4,6,18,0,4,20.0,60.0,100.0,0.0,36.0,0
224,246,Martim,Rama,GP,M,17,U,GT3,T,2,3,other,other,course,father,2,1,0,no,no,no,no,yes,yes,yes,no,5,2,2,1,1,2,4,13,0,4,20.0,40.0,100.0,0.0,32.0,0
225,247,Guilherme,Estacio,GP,M,22,U,GT3,T,3,1,services,services,other,mother,1,1,3,no,no,no,no,no,no,yes,yes,5,4,5,5,5,1,16,8,1,4,100.0,100.0,100.0,100.0,100.0,1
226,248,Inês,Broas,GP,M,18,R,LE3,T,3,3,other,services,course,mother,1,2,1,no,yes,no,no,yes,yes,yes,yes,4,3,3,1,3,5,8,5,1,3,60.0,60.0,75.0,100.0,79.0,1
227,249,Rafael,Osorio,GP,M,16,U,GT3,T,0,2,other,other,other,mother,1,1,0,no,no,yes,no,no,yes,yes,no,4,3,2,2,4,5,0,15,0,4,80.0,40.0,100.0,0.0,44.0,0
228,250,Madalena,Criado,GP,M,18,U,GT3,T,3,2,services,other,course,mother,2,1,1,no,no,no,no,yes,no,yes,no,4,4,5,2,4,5,0,8,0,4,80.0,100.0,100.0,0.0,56.0,1
229,251,Mariana,Medeiros,GP,M,16,U,GT3,T,3,3,at_home,other,reputation,other,3,2,0,yes,yes,no,no,no,yes,yes,no,5,3,3,1,3,2,6,10,0,3,60.0,60.0,75.0,0.0,39.0,1
230,252,Tomás,Santa,GP,M,18,U,GT3,T,2,1,services,services,other,mother,1,1,1,no,no,no,no,no,no,yes,no,3,2,5,2,5,5,4,8,0,4,100.0,100.0,100.0,0.0,60.0,1
231,253,Rafael,Rodrigues,GP,M,16,R,GT3,T,2,1,other,other,course,mother,2,1,0,no,no,no,yes,no,yes,no,no,3,3,2,1,3,3,0,8,0,4,60.0,40.0,100.0,0.0,40.0,1
232,254,Mariana,Porro,GP,M,17,R,GT3,T,2,1,other,other,course,mother,1,1,0,no,no,no,no,no,yes,yes,no,4,4,2,2,4,5,0,12,0,4,80.0,40.0,100.0,0.0,44.0,0
233,255,Margarida,Motta,GP,M,17,U,LE3,T,1,1,health,other,course,mother,2,1,1,no,yes,no,yes,yes,yes,yes,no,4,4,4,1,2,5,2,8,0,4,40.0,80.0,100.0,0.0,44.0,1
234,256,Afonso,Furtado,GP,F,17,U,LE3,T,4,2,teacher,services,reputation,mother,1,4,0,no,yes,yes,yes,yes,yes,yes,no,4,2,3,1,1,4,6,13,0,1,20.0,60.0,25.0,0.0,21.0,0
235,257,Maria,Farias,GP,M,19,U,LE3,A,4,3,services,at_home,reputation,mother,1,2,0,no,yes,no,no,yes,yes,yes,no,4,3,1,1,1,1,12,11,1,3,20.0,20.0,75.0,100.0,63.0,0
236,258,Francisco,D’Souza,GP,M,18,U,GT3,T,2,1,other,other,home,mother,1,2,0,no,no,no,yes,yes,yes,yes,no,5,2,4,1,2,4,8,14,1,3,40.0,80.0,75.0,100.0,79.0,0
237,260,Beatriz,De Souza,GP,F,18,U,GT3,T,4,3,services,other,home,father,1,2,0,no,yes,yes,no,yes,yes,yes,yes,3,1,2,1,3,2,21,18,1,3,60.0,40.0,75.0,100.0,75.0,0
238,261,Camila,Alves,GP,M,18,U,GT3,T,4,3,teacher,other,course,mother,1,2,0,no,yes,yes,no,no,yes,yes,no,4,3,2,1,1,3,2,8,0,3,20.0,40.0,75.0,0.0,27.0,1
239,262,Afonso,Morgado,GP,M,18,R,GT3,T,3,2,other,other,course,mother,1,3,0,no,no,no,yes,no,yes,no,no,5,3,2,1,1,3,1,12,0,2,20.0,40.0,50.0,0.0,22.0,0
240,263,Salvador,Mora,GP,F,17,U,GT3,T,3,3,other,other,home,mother,1,3,0,no,no,no,yes,no,yes,no,no,3,2,3,1,1,4,4,9,0,2,20.0,60.0,50.0,0.0,26.0,1
241,265,Laura,Nolasco,GP,M,18,R,LE3,A,3,4,other,other,reputation,mother,2,2,0,no,yes,yes,yes,yes,yes,yes,no,4,2,5,3,4,1,13,17,1,3,80.0,100.0,75.0,100.0,91.0,0
242,266,Francisca,Carreiro,GP,M,17,U,GT3,T,3,1,services,other,other,mother,1,2,0,no,no,yes,yes,yes,yes,yes,yes,5,4,4,3,4,5,2,10,0,3,80.0,80.0,75.0,0.0,47.0,1
243,267,Afonso,Nora,GP,F,18,R,GT3,T,4,4,teacher,other,reputation,mother,2,2,0,no,no,yes,yes,yes,yes,yes,no,4,3,4,2,2,4,8,11,1,3,40.0,80.0,75.0,100.0,79.0,0
244,268,Francisca,Monteiro,GP,M,18,U,GT3,T,4,2,health,other,reputation,father,1,2,0,no,yes,yes,yes,yes,yes,yes,yes,5,4,5,1,3,5,10,10,1,3,60.0,100.0,75.0,100.0,87.0,1
245,270,Martim,Franca,GP,F,19,U,GT3,T,3,3,other,services,home,other,1,2,2,no,yes,yes,yes,yes,yes,yes,no,4,3,5,3,3,5,15,9,1,3,60.0,100.0,75.0,100.0,87.0,1
246,271,Matilde,Guedes,GP,F,18,U,GT3,T,2,3,other,services,reputation,father,1,4,0,no,yes,yes,yes,yes,yes,yes,yes,4,5,5,1,3,2,4,14,0,1,60.0,100.0,25.0,0.0,37.0,0
247,272,Gonçalo,Claudio,GP,F,18,U,LE3,T,1,1,other,other,home,mother,2,2,0,no,yes,yes,no,no,yes,no,no,4,4,3,1,1,3,2,11,0,3,20.0,60.0,75.0,0.0,31.0,0
248,273,Afonso,Mauricio,GP,M,17,R,GT3,T,1,2,at_home,at_home,home,mother,1,2,0,no,yes,yes,yes,no,yes,no,yes,3,5,2,2,2,1,2,14,0,3,40.0,40.0,75.0,0.0,31.0,0
249,274,Santiago,Carrico,GP,F,17,U,GT3,T,2,4,at_home,health,reputation,mother,2,2,0,no,yes,yes,no,yes,yes,yes,yes,4,3,3,1,1,1,2,10,0,3,20.0,60.0,75.0,0.0,31.0,1
250,275,Rafael,De Oliveira,GP,F,17,U,LE3,T,2,2,services,other,course,mother,2,2,0,yes,yes,yes,no,yes,yes,yes,yes,4,4,4,2,3,5,6,12,0,3,60.0,80.0,75.0,0.0,43.0,0
251,276,Camila,Carvalho,GP,F,18,R,GT3,A,3,2,other,services,home,mother,2,2,0,no,no,no,no,no,no,yes,yes,4,1,1,1,1,5,75,9,1,3,20.0,20.0,75.0,100.0,63.0,1
252,277,Lourenço,Muniz,GP,M,18,U,GT3,T,4,4,teacher,services,home,mother,2,1,0,no,no,yes,yes,yes,yes,yes,no,3,2,4,1,4,3,22,9,1,4,80.0,80.0,100.0,100.0,92.0,1
253,278,Lara,Dos Santos,GP,F,18,U,GT3,T,4,4,health,health,reputation,father,1,2,1,yes,yes,no,yes,yes,yes,yes,yes,2,4,4,1,1,4,15,8,1,3,20.0,80.0,75.0,100.0,75.0,1
254,279,Rodrigo,Leite,GP,M,18,U,LE3,T,4,3,teacher,services,course,mother,2,1,0,no,no,yes,yes,yes,yes,yes,no,4,2,3,1,2,1,8,10,1,4,40.0,60.0,100.0,100.0,80.0,1
255,280,Dinis,Costa,GP,M,17,U,LE3,A,4,1,services,other,home,mother,2,1,0,no,no,yes,yes,yes,yes,yes,yes,4,5,4,2,4,5,30,8,1,4,80.0,80.0,100.0,100.0,92.0,1
256,281,Santiago,Ribeiro,GP,M,17,U,LE3,A,3,2,teacher,services,home,mother,1,1,1,no,no,no,no,yes,yes,yes,no,4,4,4,3,4,3,19,10,1,4,80.0,80.0,100.0,100.0,92.0,1
257,282,Margarida,Conceicao,GP,F,18,R,LE3,T,1,1,at_home,other,reputation,mother,2,4,0,no,yes,yes,yes,yes,yes,no,no,5,2,2,1,1,3,1,12,0,1,20.0,40.0,25.0,0.0,17.0,0
258,283,Martim,Coval,GP,F,18,U,GT3,T,1,1,other,other,home,mother,2,2,0,yes,no,no,yes,yes,yes,yes,no,5,4,4,1,1,4,4,10,0,3,20.0,80.0,75.0,0.0,35.0,1
259,284,Margarida,Pero,GP,F,17,U,GT3,T,2,2,other,other,course,mother,1,2,0,no,yes,no,no,no,yes,yes,no,5,4,5,1,2,5,4,11,0,3,40.0,100.0,75.0,0.0,43.0,0
260,285,Margarida,Avilla,GP,M,17,U,GT3,T,1,1,other,other,reputation,father,1,2,0,no,no,yes,no,no,yes,yes,no,4,3,3,1,2,4,2,11,0,3,40.0,60.0,75.0,0.0,35.0,0
261,286,Matilde,Sarmento,GP,F,18,U,GT3,T,2,2,at_home,at_home,other,mother,1,3,0,no,yes,yes,no,yes,yes,yes,no,4,3,3,1,2,2,5,19,0,2,40.0,60.0,50.0,0.0,30.0,0
262,287,Martim,Gama,GP,F,17,U,GT3,T,1,1,services,teacher,reputation,mother,1,3,0,no,yes,yes,no,yes,yes,yes,no,4,3,3,1,1,3,6,12,0,2,20.0,60.0,50.0,0.0,26.0,0
263,288,Sofia,Leitao,GP,M,18,U,GT3,T,2,1,services,services,reputation,mother,1,3,0,no,no,yes,yes,yes,yes,yes,no,4,2,4,1,3,2,6,14,0,2,60.0,80.0,50.0,0.0,38.0,0
264,289,Inês,Pimentel,GP,M,18,U,LE3,A,4,4,teacher,teacher,reputation,mother,1,2,0,no,yes,yes,yes,yes,yes,yes,no,5,4,3,1,1,2,9,15,1,3,20.0,60.0,75.0,100.0,71.0,0
265,290,Rafael,Mello,GP,M,18,U,GT3,T,4,2,teacher,other,home,mother,1,2,0,no,yes,yes,yes,yes,yes,yes,yes,4,3,2,1,4,5,11,11,1,3,80.0,40.0,75.0,100.0,79.0,0
266,291,Pedro,Judice,GP,F,17,U,GT3,T,4,3,health,services,reputation,mother,1,3,0,no,yes,yes,no,yes,yes,yes,no,4,2,2,1,2,3,0,15,0,2,40.0,40.0,50.0,0.0,26.0,0
267,292,Lucas,Parreira,GP,F,18,U,LE3,T,2,1,services,at_home,reputation,mother,1,2,1,no,no,no,no,yes,yes,yes,yes,5,4,3,1,1,5,12,13,1,3,20.0,60.0,75.0,100.0,71.0,0
268,293,Inês,Henriques,GP,F,17,R,LE3,T,3,1,services,other,reputation,mother,2,4,0,no,yes,yes,no,yes,yes,no,no,3,1,2,1,1,3,6,18,0,1,20.0,40.0,25.0,0.0,17.0,0
269,294,Pedro,Antunes,GP,M,18,R,LE3,T,3,2,services,other,reputation,mother,2,3,0,no,yes,yes,yes,yes,yes,yes,no,5,4,2,1,1,4,8,14,1,2,20.0,40.0,50.0,100.0,62.0,0
270,295,Gustavo,Deus,GP,M,17,U,GT3,T,3,3,health,other,home,mother,1,1,0,no,yes,yes,no,yes,yes,yes,no,4,4,3,1,3,5,4,11,0,4,60.0,60.0,100.0,0.0,44.0,0
271,297,Francisco,Mesquita,GP,F,18,U,LE3,T,4,3,other,other,home,other,2,2,0,no,yes,yes,no,yes,yes,yes,yes,4,4,5,1,2,2,10,8,1,3,40.0,100.0,75.0,100.0,83.0,1
272,298,Francisca,Camacho,GP,F,18,U,GT3,T,4,3,other,other,reputation,father,1,4,0,no,yes,yes,no,yes,yes,yes,no,4,3,3,1,1,3,0,14,0,1,20.0,60.0,25.0,0.0,21.0,0
273,299,Joana,Melo,GP,M,18,U,LE3,T,4,4,teacher,teacher,home,mother,1,1,0,no,yes,yes,no,yes,yes,yes,yes,1,4,2,2,2,1,5,16,0,4,40.0,40.0,100.0,0.0,36.0,0
274,300,Madalena,Graca,GP,F,18,U,LE3,A,4,4,health,other,home,mother,1,2,0,no,yes,no,no,yes,yes,yes,yes,4,2,4,1,1,4,14,11,1,3,20.0,80.0,75.0,100.0,75.0,0
275,301,Mariana,Esteves,GP,M,17,U,LE3,T,4,4,other,teacher,home,father,2,1,0,no,no,yes,no,yes,yes,yes,no,4,1,1,2,2,5,0,10,0,4,40.0,20.0,100.0,0.0,32.0,1
276,302,Rafael,Rego,GP,F,17,U,GT3,T,4,2,other,other,reputation,mother,2,3,0,no,yes,yes,no,yes,yes,yes,no,4,3,3,1,1,3,0,14,0,2,20.0,60.0,50.0,0.0,26.0,0
277,303,Madalena,Teves,GP,F,17,U,GT3,T,3,2,health,health,reputation,father,1,4,0,no,yes,yes,yes,no,yes,yes,no,5,2,2,1,2,5,0,18,0,1,40.0,40.0,25.0,0.0,21.0,0
278,304,Gustavo,Correia,GP,M,19,U,GT3,T,3,3,other,other,home,other,1,2,1,no,yes,no,yes,yes,yes,yes,yes,4,4,4,1,1,3,20,13,1,3,20.0,80.0,75.0,100.0,75.0,0
279,305,Tiago,Ramires,GP,F,18,U,GT3,T,2,4,services,at_home,reputation,other,1,2,1,no,yes,yes,yes,yes,yes,yes,no,4,4,3,1,1,3,8,12,1,3,20.0,60.0,75.0,100.0,71.0,0
280,306,Salvador,Barbas,GP,M,20,U,GT3,A,3,2,services,other,course,other,1,1,0,no,no,no,yes,yes,yes,no,no,5,5,3,1,1,5,0,18,0,4,20.0,60.0,100.0,0.0,36.0,0
281,307,Dinis,Prior,GP,M,19,U,GT3,T,4,4,teacher,services,reputation,other,2,1,1,no,yes,yes,no,yes,yes,yes,yes,4,3,4,1,1,4,38,8,1,4,20.0,80.0,100.0,100.0,80.0,1
282,308,Benedita,Enes,GP,M,19,R,GT3,T,3,3,other,services,reputation,father,1,2,1,no,no,no,yes,yes,yes,no,yes,4,5,3,1,2,5,0,12,0,3,40.0,60.0,75.0,0.0,35.0,0
283,309,Diana,Curro,GP,F,19,U,LE3,T,1,1,at_home,other,reputation,other,1,2,1,yes,yes,no,yes,no,yes,yes,no,4,4,3,1,3,3,18,10,1,3,60.0,60.0,75.0,100.0,79.0,1
284,311,Tiago,Mangual,GP,F,19,U,GT3,T,2,1,at_home,other,other,other,3,2,0,no,yes,no,no,yes,no,yes,yes,3,4,1,1,1,2,20,13,1,3,20.0,20.0,75.0,100.0,63.0,0
285,312,Pedro,Gouveia,GP,M,19,U,GT3,T,1,2,other,services,course,other,1,2,1,no,no,no,no,no,yes,yes,no,4,5,2,2,2,4,3,11,0,3,40.0,40.0,75.0,0.0,31.0,0
286,313,Dinis,Paula,GP,F,19,U,LE3,T,3,2,services,other,reputation,other,2,2,1,no,yes,yes,no,no,yes,yes,yes,4,2,2,1,2,1,22,11,1,3,40.0,40.0,75.0,100.0,71.0,0
287,314,Joana,Jeronimo,GP,F,19,U,GT3,T,1,1,at_home,health,home,other,1,3,2,no,no,no,no,no,yes,yes,yes,4,1,2,1,1,3,14,13,1,2,20.0,40.0,50.0,100.0,62.0,0
288,315,João,Fiel,GP,F,19,R,GT3,T,2,3,other,other,reputation,other,1,3,1,no,no,no,no,yes,yes,yes,yes,4,1,2,1,1,3,40,11,1,2,20.0,40.0,50.0,100.0,62.0,0
289,317,Clara,Monterroso,GP,F,18,U,GT3,T,4,3,other,other,course,mother,1,3,0,no,yes,yes,yes,yes,yes,yes,yes,4,3,4,1,1,5,9,9,1,2,20.0,80.0,50.0,100.0,70.0,1
290,318,Alice,Montez,GP,F,17,R,GT3,T,3,4,at_home,services,course,father,1,3,0,no,yes,yes,yes,no,yes,yes,no,4,3,4,2,5,5,0,10,0,2,100.0,80.0,50.0,0.0,46.0,1
291,319,Diana,Loureiro,GP,F,18,U,GT3,T,4,4,teacher,other,course,mother,1,2,0,no,yes,yes,no,yes,yes,yes,no,4,4,4,3,3,5,2,11,0,3,60.0,80.0,75.0,0.0,43.0,0
292,320,Dinis,Domingues,GP,F,17,U,GT3,A,4,3,services,services,course,mother,1,2,0,no,yes,yes,no,yes,yes,yes,yes,5,2,2,1,2,5,23,13,1,3,40.0,40.0,75.0,100.0,71.0,0
293,321,Camila,Dorta,GP,F,17,U,GT3,T,2,2,other,other,course,mother,1,2,0,no,yes,no,no,yes,yes,no,yes,4,2,2,1,1,3,12,9,1,3,20.0,40.0,75.0,100.0,67.0,1
294,322,Matilde,Perreira,GP,F,17,R,LE3,T,2,2,services,services,course,mother,1,3,0,no,yes,yes,yes,yes,yes,yes,no,3,3,2,2,2,3,3,11,0,2,40.0,40.0,50.0,0.0,26.0,0
295,323,Francisco,Parente,GP,F,17,U,GT3,T,3,1,services,services,course,father,1,3,0,no,yes,no,no,no,yes,yes,no,3,4,3,2,3,5,1,15,0,2,60.0,60.0,50.0,0.0,34.0,0
296,324,Lara,Caravalho,GP,F,17,U,LE3,T,0,2,at_home,at_home,home,father,2,3,0,no,no,no,no,yes,yes,yes,no,3,3,3,2,3,2,0,15,0,2,60.0,60.0,50.0,0.0,34.0,0
297,325,Alice,Cordeiro,GP,M,18,U,GT3,T,4,4,other,other,course,mother,1,3,0,no,no,no,yes,yes,yes,yes,no,4,3,3,2,2,3,3,11,0,2,40.0,60.0,50.0,0.0,30.0,0
298,326,Sofia,Nascimento,GP,M,17,U,GT3,T,3,3,other,services,reputation,mother,1,1,0,no,no,no,yes,no,yes,yes,no,4,3,5,3,5,5,3,16,0,4,100.0,100.0,100.0,0.0,60.0,0
299,327,Laura,Barbosa,GP,M,17,R,GT3,T,2,2,services,other,course,mother,4,1,0,no,yes,no,no,yes,yes,yes,no,4,4,5,5,5,4,8,10,1,4,100.0,100.0,100.0,100.0,100.0,1
300,328,Lucas,Brandao,GP,F,17,U,GT3,T,4,4,teacher,services,course,mother,1,3,0,no,yes,yes,yes,yes,yes,yes,no,5,4,4,1,3,4,7,9,0,2,60.0,80.0,50.0,0.0,38.0,1
301,329,Madalena,Borba,GP,F,17,U,GT3,T,4,4,teacher,teacher,course,mother,2,3,0,no,yes,yes,no,no,yes,yes,yes,4,3,3,1,2,4,4,14,0,2,40.0,60.0,50.0,0.0,30.0,0
302,330,Carolina,Ennes,GP,M,18,U,LE3,T,2,2,other,other,course,mother,1,4,0,no,yes,no,yes,yes,yes,yes,no,4,5,5,2,4,5,2,8,0,1,80.0,100.0,25.0,0.0,41.0,1
303,331,Gustavo,Avila,GP,F,17,R,GT3,T,2,4,at_home,other,course,father,1,3,0,no,yes,no,no,yes,yes,yes,yes,4,4,3,1,1,5,7,14,0,2,20.0,60.0,50.0,0.0,26.0,0
304,335,Rafael,Espindola,GP,F,17,U,GT3,T,3,4,services,other,course,mother,1,3,0,no,no,no,no,yes,yes,yes,no,4,4,5,1,3,5,16,15,1,2,60.0,100.0,50.0,100.0,82.0,0
305,336,Francisca,Ramos,GP,F,19,R,GT3,A,3,1,services,at_home,home,other,1,3,1,no,no,yes,no,yes,yes,no,no,5,4,3,1,2,5,12,13,1,2,40.0,60.0,50.0,100.0,70.0,0
306,338,Leonor,Reis,GP,F,18,U,LE3,T,3,3,services,services,home,mother,1,4,0,no,yes,no,no,yes,yes,yes,no,5,3,3,1,1,1,7,17,0,1,20.0,60.0,25.0,0.0,21.0,0
307,339,Duarte,Martins,GP,F,17,R,GT3,A,3,2,other,other,home,mother,1,2,0,no,yes,yes,no,yes,yes,yes,no,4,3,3,2,3,2,4,10,0,3,60.0,60.0,75.0,0.0,39.0,1
308,340,Matilde,Nobrega,GP,F,19,U,GT3,T,2,1,services,services,home,other,1,3,1,no,no,yes,yes,yes,yes,yes,yes,4,3,4,1,3,3,4,11,0,2,60.0,80.0,50.0,0.0,38.0,0
309,342,Mariana,Bomba,GP,M,18,U,LE3,T,3,4,services,other,home,mother,1,2,0,no,no,no,yes,yes,yes,yes,yes,4,3,3,1,3,5,11,15,1,3,60.0,60.0,75.0,100.0,79.0,0
310,344,Maria,Rebelo,GP,F,18,U,GT3,T,2,3,at_home,other,course,mother,1,3,0,no,yes,no,no,yes,yes,yes,no,4,3,3,1,2,3,4,10,0,2,40.0,60.0,50.0,0.0,30.0,1
311,345,Lara,Sampaio,GP,F,18,U,GT3,T,3,2,other,services,other,mother,1,3,0,no,no,no,no,yes,yes,yes,yes,5,4,3,2,3,1,7,14,0,2,60.0,60.0,50.0,0.0,34.0,0
312,346,Martim,Sabina,GP,M,18,R,GT3,T,4,3,teacher,services,course,mother,1,3,0,no,no,no,no,yes,yes,yes,yes,5,3,2,1,2,4,9,16,1,2,40.0,40.0,50.0,100.0,66.0,0
313,347,Mariana,Garro,GP,M,18,U,GT3,T,4,3,teacher,other,course,mother,1,3,0,no,yes,yes,no,yes,yes,yes,yes,5,4,5,2,3,5,0,9,0,2,60.0,100.0,50.0,0.0,42.0,1
314,348,Benedita,Gomes,GP,F,17,U,GT3,T,4,3,health,other,reputation,mother,1,3,0,no,yes,yes,yes,yes,yes,yes,yes,4,4,3,1,3,4,0,15,0,2,60.0,60.0,50.0,0.0,34.0,0
315,349,Afonso,Pereira,MS,M,18,R,GT3,T,3,2,other,other,course,mother,2,1,1,no,yes,no,no,no,yes,yes,no,2,5,5,5,5,5,10,13,1,4,100.0,100.0,100.0,100.0,100.0,0
316,350,Joana,Novo,MS,M,19,R,GT3,T,1,1,other,services,home,other,3,2,3,no,no,no,no,yes,yes,yes,no,5,4,4,3,3,2,8,8,1,3,60.0,80.0,75.0,100.0,83.0,1
317,351,Matilde,Ornellas,MS,M,17,U,GT3,T,3,3,health,other,course,mother,2,2,0,no,yes,yes,no,yes,yes,yes,no,4,5,4,2,3,3,2,13,0,3,60.0,80.0,75.0,0.0,43.0,0
318,352,Laura,Bento,MS,M,18,U,LE3,T,1,3,at_home,services,course,mother,1,1,1,no,no,no,no,yes,no,yes,yes,4,3,3,2,3,3,7,8,0,4,60.0,60.0,100.0,0.0,44.0,1
319,353,Sofia,Nogueira,MS,M,19,R,GT3,T,1,1,other,other,home,other,3,1,1,no,yes,no,no,yes,yes,yes,no,4,4,4,3,3,5,4,8,0,4,60.0,80.0,100.0,0.0,48.0,1
320,354,Lara,Neto,MS,M,17,R,GT3,T,4,3,services,other,home,mother,2,2,0,no,yes,yes,yes,no,yes,yes,yes,4,5,5,1,3,2,4,11,0,3,60.0,100.0,75.0,0.0,47.0,0
321,355,Matilde,Fagundes,MS,F,18,U,GT3,T,3,3,services,services,course,father,1,2,0,no,yes,no,no,yes,yes,no,yes,5,3,4,1,1,5,0,9,0,3,20.0,80.0,75.0,0.0,35.0,1
322,356,Dinis,Po,MS,F,17,R,GT3,T,4,4,teacher,services,other,father,2,2,0,no,yes,yes,yes,yes,yes,yes,no,4,3,3,1,2,5,4,13,0,3,40.0,60.0,75.0,0.0,35.0,0
323,357,Miguel,Carias,MS,F,17,U,LE3,A,3,2,services,other,reputation,mother,2,2,0,no,no,no,no,yes,yes,no,yes,1,2,3,1,2,5,2,11,0,3,40.0,60.0,75.0,0.0,35.0,0
324,358,Francisca,Lomba,MS,M,18,U,LE3,T,1,1,other,services,home,father,2,1,0,no,no,no,no,no,yes,yes,yes,3,3,2,1,2,3,4,10,0,4,40.0,40.0,100.0,0.0,36.0,1
325,359,Afonso,Bastos,MS,F,18,U,LE3,T,1,1,at_home,services,course,father,2,3,0,no,no,no,no,yes,yes,yes,no,5,3,2,1,1,4,0,16,0,2,20.0,40.0,50.0,0.0,22.0,0
326,360,Madalena,Lessa,MS,F,18,R,LE3,A,1,4,at_home,other,course,mother,3,2,0,no,no,no,no,yes,yes,no,yes,4,3,4,1,4,5,0,13,0,3,80.0,80.0,75.0,0.0,47.0,0
327,361,Mariana,Mina,MS,M,18,R,LE3,T,1,1,at_home,other,other,mother,2,2,1,no,no,no,yes,no,no,no,no,4,4,3,2,3,5,2,12,0,3,60.0,60.0,75.0,0.0,39.0,0
328,362,Salvador,Narciso,MS,F,18,U,GT3,T,3,3,services,services,other,mother,2,2,0,no,yes,no,no,yes,yes,yes,yes,4,3,2,1,3,3,0,10,0,3,60.0,40.0,75.0,0.0,35.0,1
329,363,Rafael,Pestana,MS,F,17,U,LE3,T,4,4,at_home,at_home,course,mother,1,2,0,no,yes,yes,yes,yes,yes,yes,yes,2,3,4,1,1,1,0,15,0,3,20.0,80.0,75.0,0.0,35.0,0
330,364,Guilherme,Festa,MS,F,17,R,GT3,T,1,2,other,services,course,father,2,2,0,no,no,no,no,no,yes,no,no,3,2,2,1,2,3,0,12,0,3,40.0,40.0,75.0,0.0,31.0,0
331,365,Pedro,Moniz,MS,M,18,R,GT3,T,1,3,at_home,other,course,mother,2,2,0,no,yes,yes,no,yes,yes,no,no,3,3,4,2,4,3,4,10,0,3,80.0,80.0,75.0,0.0,47.0,1
332,366,Duarte,Paulino,MS,M,18,U,LE3,T,4,4,teacher,services,other,mother,2,3,0,no,no,yes,no,yes,yes,yes,yes,4,2,2,2,2,5,0,13,0,2,40.0,40.0,50.0,0.0,26.0,0
333,368,Rodrigo,Guerreiro,MS,F,18,U,GT3,T,2,3,at_home,services,course,father,2,1,0,no,yes,yes,no,yes,yes,yes,yes,5,2,3,1,2,4,0,10,0,4,40.0,60.0,100.0,0.0,40.0,1
334,369,Madalena,Troia,MS,F,18,R,GT3,T,4,4,other,teacher,other,father,3,2,0,no,yes,yes,no,no,yes,yes,yes,3,2,2,4,2,5,10,11,1,3,40.0,40.0,75.0,100.0,71.0,0
335,370,Joana,Ramires,MS,F,19,U,LE3,T,3,2,services,services,home,other,2,2,2,no,no,no,yes,yes,yes,no,yes,3,2,2,1,1,3,4,9,0,3,20.0,40.0,75.0,0.0,27.0,1
336,371,Tiago,De Lemos,MS,M,18,R,LE3,T,1,2,at_home,services,other,father,3,1,0,no,yes,yes,yes,yes,no,yes,yes,4,3,3,2,3,3,3,12,0,4,60.0,60.0,100.0,0.0,44.0,0
337,372,Lucas,Paulo,MS,F,17,U,GT3,T,2,2,other,at_home,home,mother,1,3,0,no,no,no,yes,yes,yes,no,yes,3,4,3,1,1,3,8,11,1,2,20.0,60.0,50.0,100.0,66.0,0
338,373,Lara,Luiz,MS,F,17,R,GT3,T,1,2,other,other,course,mother,1,1,0,no,no,no,yes,yes,yes,yes,no,3,5,5,1,3,1,14,5,1,4,60.0,100.0,100.0,100.0,92.0,1
339,374,Salvador,Chaves,MS,F,18,R,LE3,T,4,4,other,other,reputation,mother,2,3,0,no,no,no,no,yes,yes,yes,no,5,4,4,1,1,1,0,19,0,2,20.0,80.0,50.0,0.0,30.0,0
340,375,Madalena,Rosa,MS,F,18,R,GT3,T,1,1,other,other,home,mother,4,3,0,no,no,no,no,yes,yes,yes,no,4,3,2,1,2,4,2,10,0,2,40.0,40.0,50.0,0.0,26.0,1
341,376,Madalena,Quintela,MS,F,20,U,GT3,T,4,2,health,other,course,other,2,3,2,no,yes,yes,no,no,yes,yes,yes,5,4,3,1,1,3,4,15,0,2,20.0,60.0,50.0,0.0,26.0,0
342,377,Gonçalo,Goes,MS,F,18,R,LE3,T,4,4,teacher,services,course,mother,1,2,0,no,no,yes,yes,yes,yes,yes,no,5,4,3,3,4,2,4,10,0,3,80.0,60.0,75.0,0.0,43.0,1
343,378,Tomás,Brito,MS,F,18,U,GT3,T,3,3,other,other,home,mother,1,2,0,no,no,yes,no,yes,yes,yes,yes,4,1,3,1,2,1,0,15,0,3,40.0,60.0,75.0,0.0,35.0,0
344,379,Gonçalo,Gaia,MS,F,17,R,GT3,T,3,1,at_home,other,reputation,mother,1,2,0,no,yes,yes,yes,no,yes,yes,no,4,5,4,2,3,1,17,10,1,3,60.0,80.0,75.0,100.0,83.0,1
345,380,Santiago,Alvernaz,MS,M,18,U,GT3,T,4,4,teacher,teacher,home,father,1,2,0,no,no,yes,yes,no,yes,yes,no,3,2,4,1,4,2,4,14,0,3,80.0,80.0,75.0,0.0,47.0,0
346,381,Rafael,Mendonca,MS,M,18,R,GT3,T,2,1,other,other,other,mother,2,1,0,no,no,no,yes,no,yes,yes,yes,4,4,3,1,3,5,5,7,0,4,60.0,60.0,100.0,0.0,44.0,1
347,382,Benedita,Lourenco,MS,M,17,U,GT3,T,2,3,other,services,home,father,2,2,0,no,no,no,yes,yes,yes,yes,no,4,4,3,1,1,3,2,10,0,3,20.0,60.0,75.0,0.0,31.0,1
348,384,Maria,Pontes,MS,M,18,R,GT3,T,4,2,other,other,home,father,2,1,1,no,no,yes,no,yes,yes,no,no,5,4,3,4,3,3,14,5,1,4,60.0,60.0,100.0,100.0,84.0,1
349,385,Francisco,Almeida,MS,F,18,R,GT3,T,2,2,at_home,other,other,mother,2,3,0,no,no,yes,no,yes,yes,no,no,5,3,3,1,3,4,2,10,0,2,60.0,60.0,50.0,0.0,34.0,1
350,386,Lourenço,Farinha,MS,F,18,R,GT3,T,4,4,teacher,at_home,reputation,mother,3,1,0,no,yes,yes,yes,yes,yes,yes,yes,4,4,3,2,2,5,7,6,0,4,40.0,60.0,100.0,0.0,40.0,1
351,388,Tomás,Teixeira,MS,F,18,U,LE3,T,3,1,teacher,services,course,mother,1,2,0,no,yes,yes,no,yes,yes,yes,no,4,3,4,1,1,1,0,8,0,3,20.0,80.0,75.0,0.0,35.0,1
352,390,Alice,Barcellos,MS,M,20,U,LE3,A,2,2,services,services,course,other,1,2,2,no,yes,yes,no,yes,yes,no,no,5,5,4,4,5,4,11,9,1,3,100.0,80.0,75.0,100.0,91.0,1
353,391,Rodrigo,Quintal,MS,M,17,U,LE3,T,3,1,services,services,course,mother,2,1,0,no,no,no,no,no,yes,yes,no,2,4,5,3,4,2,3,16,0,4,80.0,100.0,100.0,0.0,56.0,0
354,392,Carolina,Hiza,MS,M,21,R,GT3,T,1,1,other,other,course,other,1,1,3,no,no,no,no,no,yes,no,no,5,5,3,3,3,3,3,7,0,4,60.0,60.0,100.0,0.0,44.0,1
355,393,Benedita,Amaral,MS,M,18,R,LE3,T,3,2,services,other,course,mother,3,1,0,no,no,no,no,no,yes,yes,no,4,4,1,3,4,5,0,10,0,4,80.0,20.0,100.0,0.0,40.0,1
356,394,Lourenço,Luis,MS,M,19,U,LE3,T,1,1,other,at_home,course,father,1,1,0,no,no,no,no,yes,yes,yes,no,3,2,3,3,3,5,5,9,0,4,60.0,60.0,100.0,0.0,44.0,1
